[
    {
    "id": 1,
    "priority": 1,
    "action": {
        "type": "block"
    },
    "condition": {
        "regexFilter": "^adim(age|g)s?[0-9]*[_.-]",
        "resourceTypes": [
            "main_frame",
            "sub_frame",
            "stylesheet",
            "script",
            "xmlhttprequest",
            "ping",
            "csp_report",
            "media",
            "websocket",
            "image"
        ]
        }
    },
    {
        "id": 2,
        "priority": 1,
        "action": {
            "type": "block"
        },
        "condition": {
            "regexFilter": "(^|.)xn--.*$",
            "resourceTypes": [
                "main_frame",
                "sub_frame",
                "stylesheet",
                "script",
                "xmlhttprequest",
                "ping",
                "csp_report",
                "media",
                "websocket",
                "image"
            ]
        }
    },
    {
        "id": 3,
        "priority": 1,
        "action": {
            "type": "block"
        },
        "condition": {
            "regexFilter": "^adtrack(er|ing)?[0-9]*[_.-]",
            "resourceTypes": [
                "main_frame",
                "sub_frame",
                "stylesheet",
                "script",
                "xmlhttprequest",
                "ping",
                "csp_report",
                "media",
                "websocket",
                "image"
            ]
        }
    },
    {
        "id": 4,
        "priority": 1,
        "action": {
            "type": "block"
        },
        "condition": {
            "regexFilter": "^advert(s|is(ing|ements?))?[0-9]*[_.-]",
            "resourceTypes": [
                "main_frame",
                "sub_frame",
                "stylesheet",
                "script",
                "xmlhttprequest",
                "ping",
                "csp_report",
                "media",
                "websocket",
                "image"
            ]
        }
    },
    {
        "id": 5,
        "priority": 1,
        "action": {
            "type": "block"
        },
        "condition": {
            "regexFilter": "^track(ers?|ing)?[0-9]*[-.]",
            "resourceTypes": [
                "main_frame",
                "sub_frame",
                "stylesheet",
                "script",
                "xmlhttprequest",
                "ping",
                "csp_report",
                "media",
                "websocket",
                "image"
            ]
        }
    },
    {
        "id": 6,
        "priority": 1,
        "action": {
            "type": "block"
        },
        "condition": {
            "regexFilter": "^(.+[_.-])?adse?rv(er?|ice)?s?[0-9]*[_.-]",
            "resourceTypes": [
                "main_frame",
                "sub_frame",
                "stylesheet",
                "script",
                "xmlhttprequest",
                "ping",
                "csp_report",
                "media",
                "websocket",
                "image"
            ]
        }
    },
    {
        "id": 7,
        "priority": 1,
        "action": {
            "type": "block"
        },
        "condition": {
            "regexFilter": "^(.+[_.-])?telemetry[_.-]",
            "resourceTypes": [
                "main_frame",
                "sub_frame",
                "stylesheet",
                "script",
                "xmlhttprequest",
                "ping",
                "csp_report",
                "media",
                "websocket",
                "image"
            ]
        }
    },
    {
        "id": 8,
        "priority": 1,
        "action": {
            "type": "block"
        },
        "condition": {
            "regexFilter": "^clients[0-9]+?.youtube.com$",
            "resourceTypes": [
                "main_frame",
                "sub_frame",
                "stylesheet",
                "script",
                "xmlhttprequest",
                "ping",
                "csp_report",
                "media",
                "websocket",
                "image"
            ]
        }
    },
    {
        "id": 9,
        "priority": 1,
        "action": {
            "type": "block"
        },
        "condition": {
            "regexFilter": "^r[0-9-.]+sn.*googlevideo.com$",
            "resourceTypes": [
                "main_frame",
                "sub_frame",
                "stylesheet",
                "script",
                "xmlhttprequest",
                "ping",
                "csp_report",
                "media",
                "websocket",
                "image"
            ]
        }
    },
    {
        "id": 10,
        "priority": 1,
        "action": {
            "type": "allow"
        },
        "condition": {
            "regexFilter": "^.*?google(?:adservices|apis|syndication)?.com$",
            "resourceTypes": [
                "sub_frame",
                "stylesheet",
                "script",
                "xmlhttprequest",
                "ping",
                "csp_report",
                "media",
                "websocket",
                "image"
            ]
        }
    },
    {
        "id": 11,
        "priority": 2,
        "action": {
            "type": "allow"
        },
        "condition": {
            "regexFilter": "links.duckduckgo.*",
            "resourceTypes": [
                "main_frame",
                "sub_frame",
                "stylesheet",
                "script",
                "xmlhttprequest",
                "ping",
                "csp_report",
                "media",
                "websocket",
                "image"
            ]
        }
    },
    {
        "id": 12,
        "priority": 1,
        "action": {
            "type": "block"
        },
        "condition": {
            "regexFilter": "^banners?[_.-]",
            "resourceTypes": [
                "main_frame",
                "sub_frame",
                "stylesheet",
                "script",
                "xmlhttprequest",
                "ping",
                "csp_report",
                "media",
                "websocket",
                "image"
            ]
        }
    },
    {
        "id": 13,
        "priority": 1,
        "action": {
            "type": "block"
        },
        "condition": {
            "regexFilter": "[a-zA-Z0-9\/.-_=&?-~]+ads.js",
            "resourceTypes": [
                "main_frame",
                "sub_frame",
                "stylesheet",
                "script",
                "xmlhttprequest",
                "ping",
                "csp_report",
                "media",
                "websocket",
                "image"
            ]
        }
    },
    {
        "id": 14,
        "priority": 1,
        "action": {
            "type": "block"
        },
        "condition": {
            "regexFilter": "^analytics?[_.-]",
            "resourceTypes": [
                "main_frame",
                "sub_frame",
                "stylesheet",
                "script",
                "xmlhttprequest",
                "ping",
                "csp_report",
                "media",
                "websocket",
                "image"
            ]
        }
    },
    {
        "id": 15,
        "priority": 1,
        "action": {
            "type": "block"
        },
        "condition": {
            "urlFilter": "||mgr.consensu.org",
            "resourceTypes": [
                "main_frame",
                "sub_frame",
                "stylesheet",
                "script",
                "xmlhttprequest",
                "ping",
                "csp_report",
                "media",
                "websocket",
                "image"
            ]
        }
    },
    {
        "id": 16,
        "priority": 1,
        "action": {
            "type": "block"
        },
        "condition": {
            "urlFilter": "||cdnquality.com^",
            "resourceTypes": [
                "main_frame",
                "sub_frame",
                "stylesheet",
                "script",
                "xmlhttprequest",
                "ping",
                "csp_report",
                "media",
                "websocket",
                "image"
            ]
        }
    },
    {
        "id": 17,
        "priority": 1,
        "action": {
            "type": "block"
        },
        "condition": {
            "regexFilter": "\/fingerprint.js$",
            "resourceTypes": [
                "main_frame",
                "sub_frame",
                "stylesheet",
                "script",
                "xmlhttprequest",
                "ping",
                "csp_report",
                "media",
                "websocket",
                "image"
            ]
        }
    },
    {
        "id": 18,
        "priority": 1,
        "action": {
            "type": "block"
        },
        "condition": {
            "regexFilter": "[0-9a-f]{32}\/invoke.js$",
            "resourceTypes": [
                "main_frame",
                "sub_frame",
                "stylesheet",
                "script",
                "xmlhttprequest",
                "ping",
                "csp_report",
                "media",
                "websocket",
                "image"
            ]
        }
    },
    {
        "id": 19,
        "priority": 1,
        "action": {
            "type": "block"
        },
        "condition": {
            "urlFilter": "||play.google.com/log?",
            "resourceTypes": ["xmlhttprequest"]
        }
    },
    {
        "id": 20,
        "priority": 1,
        "action": {
            "type": "block"
        },
        "condition": {
            "regexFilter": ".*\/fingerprint2.js$",
            "resourceTypes": ["script"]
        }
    },
    {
        "id": 21,
        "priority": 1,
        "action": {
            "type": "block"
        },
        "condition": {
            "regexFilter": "[a-z.\/]+[a-zA-Z]{0,30}\/[0-9]{5}$",
            "resourceTypes": [
                "script"
            ]
        }
    },
    {
        "id": 22,
        "priority": 1,
        "action": {
            "type": "block"
        },
        "condition": {
            "regexFilter": "^.*\/_xa\/ads_batch.*",
            "resourceTypes": [
                "script"
            ]
        }
    },
    {
        "id": 23,
        "priority": 1,
        "action": {
            "type": "block"
        },
        "condition": {
            "regexFilter": ".*/ht.js?site_.*",
            "resourceTypes": [
                "script"
            ]
        }
    },
    {
        "id": 24,
        "priority": 1,
        "action": {
            "type": "block"
        },
        "condition": {
            "urlFilter": "||adthrive.com^",
            "resourceTypes": [
                "main_frame",
                "script"
            ]
        }
    }
]